title,first_name,last_name,email,gender,car_model,car_model_year,car_number,car_colour,car_price,city,profile_pic
Ms,Deeanne,Chasson,dchasson0@cbslocal.com,Female,Tacoma,2000,1G4HP52K444693157,#d4266e,96404,Rönninge,https://robohash.org/ducimustemporeaperiam.jpg?size=50x50&set=set1
Dr,Corella,Syversen,csyversen1@goodreads.com,Female,Silverado 3500,2003,WBALW3C55CC746061,#418aae,42838,Seixo Alvo,https://robohash.org/esttemporibusipsum.jpg?size=50x50&set=set1
Mr,Malva,Malter,mmalter2@cafepress.com,Female,FJ Cruiser,2009,JN1CV6FE7DM397180,#71d1c5,16088,Chiang Yuen,https://robohash.org/necessitatibusetoptio.jpg?size=50x50&set=set1
Mrs,Lyell,Hebden,lhebden3@cnbc.com,Male,Discovery,1995,1G4HP54K25U626572,#fd92a0,93234,Suibara,https://robohash.org/utnesciuntrerum.jpg?size=50x50&set=set1
Mr,Alanson,Rivard,arivard4@storify.com,Male,Outlander,2010,2G4GR5GX3E9317249,#ce79c9,18497,Kosmonosy,https://robohash.org/quaeratpraesentiumexpedita.jpg?size=50x50&set=set1
Honorable,Barris,Crenshaw,bcrenshaw5@rediff.com,Male,Savana 2500,2004,WAUDH48H18K010335,#677c20,21162,Yasugichō,https://robohash.org/officiadoloresvoluptatum.jpg?size=50x50&set=set1
Mrs,Agretha,Rushby,arushby6@pcworld.com,Female,929,1994,3LNHL2GC0BR404081,#fc7f5f,26920,Chicago,https://robohash.org/etquibusdamea.jpg?size=50x50&set=set1
Dr,Karim,Howey,khowey7@wp.com,Male,A4,2000,1N6AF0LY8FN918916,#0f165e,52301,Guilmaro,https://robohash.org/doloremquequibusdammolestiae.jpg?size=50x50&set=set1
Honorable,Piggy,Sowrah,psowrah8@scientificamerican.com,Male,Grand Prix,1982,2G4WS55J441872335,#833b5f,99312,Tver,https://robohash.org/ipsumtemporaearum.jpg?size=50x50&set=set1
Ms,Dillon,Done,ddone9@dailymail.co.uk,Male,Express 2500,2003,WBA3B5G52FN707387,#306985,43695,Selorejo,https://robohash.org/quiaquiut.jpg?size=50x50&set=set1
Honorable,Caprice,Giorgetti,cgiorgettia@amazon.co.jp,Female,Town Car,2006,JTDKDTB36C1875720,#9a1293,88577,Qui Nhon,https://robohash.org/quibusdamquasinam.jpg?size=50x50&set=set1
Honorable,Merrily,Schiesterl,mschiesterlb@netlog.com,Female,S-Class,2009,WBA5M4C59ED343864,#f58187,73698,København,https://robohash.org/vitaepariaturveritatis.jpg?size=50x50&set=set1
Dr,Michaella,Kitteman,mkittemanc@lycos.com,Female,4Runner,2006,WBAKE5C52CE988210,#e71058,55689,Saint-Maurice-l'Exil,https://robohash.org/illumsednecessitatibus.jpg?size=50x50&set=set1
Honorable,Burnaby,Veldens,bveldensd@live.com,Male,TrailBlazer,2004,NM0KS6BN1AT086589,#1ba2f0,69661,Okotoks,https://robohash.org/eaexpeditanon.jpg?size=50x50&set=set1
Ms,Curry,Ramme,crammee@un.org,Male,XJ Series,1992,JN8AZ2NC4C9110451,#81cd85,26619,Ramotswa,https://robohash.org/cupiditateetautem.jpg?size=50x50&set=set1
Mrs,Ilsa,Kop,ikopf@craigslist.org,Female,Corvette,1961,WAUDGBFL4DA621491,#04e6a9,77133,Piquete,https://robohash.org/quasrerumsapiente.jpg?size=50x50&set=set1
Ms,Corrine,Netherwood,cnetherwoodg@slideshare.net,Female,B-Series,1998,JN8AS5MT9CW543014,#e97b5f,99439,Daji,https://robohash.org/iuremagniodit.jpg?size=50x50&set=set1
Mr,Greggory,Moran,gmoranh@va.gov,Male,IS,2001,JM1CW2BL7E0602822,#fdadc9,81140,Āsasa,https://robohash.org/facilisutinventore.jpg?size=50x50&set=set1
Mr,Ignace,Gellier,igellieri@plala.or.jp,Male,Range Rover,2005,WAUGL78E47A637991,#07c396,39879,Yuanshanzi,https://robohash.org/atmagnamvel.jpg?size=50x50&set=set1
Rev,Kimbra,Hoffner,khoffnerj@patch.com,Female,Vega,1971,WAU3GAFR9EA036286,#cc0e75,88955,Ipatinga,https://robohash.org/magnamfacereomnis.jpg?size=50x50&set=set1
Mr,Torrey,Spering,tsperingk@xrea.com,Male,3000GT,1994,1G6DK67V880031088,#e9dd95,50324,Wang Muang,https://robohash.org/solutasimiliquealias.jpg?size=50x50&set=set1
Dr,Gertrud,Ciciari,gciciaril@w3.org,Female,Camaro,1978,5N1AA0NE7FN605646,#31be3d,57960,Mosty,https://robohash.org/consequaturetut.jpg?size=50x50&set=set1
Rev,Harwell,Benedicto,hbenedictom@npr.org,Male,Range Rover Evoque,2012,SALCT2BG6FH318573,#2ee0bb,38705,Tsengel,https://robohash.org/etdictalibero.jpg?size=50x50&set=set1
Honorable,Lyndy,Yakushkin,lyakushkinn@weather.com,Female,Expo LRV,1996,3G5DB03E75S909332,#e59ee2,76500,Almoínhas Velhas,https://robohash.org/ipsammolestiaeet.jpg?size=50x50&set=set1
Honorable,Gwen,Pashby,gpashbyo@rambler.ru,Female,Forester,2008,2B3CJ7DJ1BH390936,#4dc959,35597,Dampol,https://robohash.org/sedametillo.jpg?size=50x50&set=set1
Honorable,Tuck,Fassam,tfassamp@purevolume.com,Male,MX-6,1994,3GYT4LEF8DG814277,#5dafd4,10025,Shaogongzhuang,https://robohash.org/distinctionihilquos.jpg?size=50x50&set=set1
Ms,Reinhold,McKenney,rmckenneyq@tumblr.com,Male,Galant,1989,YV4902BZ0B1731441,#6e1898,70934,Dongdajie,https://robohash.org/oditquiaqui.jpg?size=50x50&set=set1
Mrs,Connie,Mines,cminesr@stanford.edu,Male,H3,2010,WAUDV74F19N448528,#5f73e3,85751,Tukhlya,https://robohash.org/modiinciduntcum.jpg?size=50x50&set=set1
Rev,Kristofer,Tallow,ktallows@moonfruit.com,Male,Maxima,1996,1G6KE57Y94U661613,#9e296f,65429,Banyutengah,https://robohash.org/placeateosdolorem.jpg?size=50x50&set=set1
Mrs,Romy,Keuneke,rkeuneket@uiuc.edu,Female,Boxster,2006,2C3CDYBT4CH487991,#549a23,63575,Guocun,https://robohash.org/temporibusnumquamaut.jpg?size=50x50&set=set1
Ms,Allissa,Adderson,aaddersonu@hostgator.com,Female,200,2011,1C4NJCBA3FD883135,#199690,87550,Bayaguana,https://robohash.org/idnemoquae.jpg?size=50x50&set=set1
Rev,Isacco,Dufour,idufourv@aol.com,Male,Yukon XL 1500,2005,3D73Y4HL4BG593023,#22a361,17499,Lingdi,https://robohash.org/consecteturautvoluptatem.jpg?size=50x50&set=set1
Mr,Yale,Ruse,yrusew@linkedin.com,Male,164,1993,5LMJJ2H50CE207887,#f7ee33,72437,Shido,https://robohash.org/teneturquassuscipit.jpg?size=50x50&set=set1
Mrs,Tiler,Moorman,tmoormanx@craigslist.org,Male,XK Series,2000,1G6DH5E56D0857198,#1847e7,88791,Redcliff,https://robohash.org/dignissimosipsumqui.jpg?size=50x50&set=set1
Rev,Shepherd,Peploe,speploey@flavors.me,Male,Sedona,2004,3VWKX7AJ2AM745249,#4492b2,49481,Dazhan,https://robohash.org/voluptatemfaceresint.jpg?size=50x50&set=set1
Ms,Bobbette,McCurtain,bmccurtainz@opera.com,Female,M-Class,1998,2C3CCAAG8CH274086,#6dae7e,54505,Tabou,https://robohash.org/quaeatatque.jpg?size=50x50&set=set1
Honorable,Emanuel,De Hooge,edehooge10@mashable.com,Male,Town & Country,2004,3C6TD5PT0CG770348,#b8c617,70175,Gunungangka,https://robohash.org/ipsumautet.jpg?size=50x50&set=set1
Ms,Carroll,Bleaden,cbleaden11@ftc.gov,Male,F-Series,2004,WAUAF78E25A493738,#2f014b,72667,Punggurharjo,https://robohash.org/illoeaa.jpg?size=50x50&set=set1
Mr,Alastair,Dawtry,adawtry12@github.com,Male,929,1990,JTDZN3EU0EJ839167,#c245d8,74670,Haduohe,https://robohash.org/adipiscirerumaut.jpg?size=50x50&set=set1
Ms,Bartlet,Digg,bdigg13@i2i.jp,Male,B-Series,1999,2G4WD552861220680,#9642a3,88884,Weepangali,https://robohash.org/suscipitutet.jpg?size=50x50&set=set1
Mrs,Bennett,Illem,billem14@accuweather.com,Male,F250,2009,WAUFFAFC2DN115091,#7def31,43164,Hasan,https://robohash.org/quiautcum.jpg?size=50x50&set=set1
Mr,Tomi,Brastead,tbrastead15@slate.com,Female,TT,2012,WAUEL74F56N010052,#51a74d,23364,Arpajon,https://robohash.org/nonquosunt.jpg?size=50x50&set=set1
Mrs,Ricoriki,Bedder,rbedder16@usnews.com,Male,Silverado 2500,2005,JM1NC2JF6D0391494,#952ab0,17346,Galapa,https://robohash.org/quisuntratione.jpg?size=50x50&set=set1
Ms,Tabina,Dumigan,tdumigan17@so-net.ne.jp,Female,Santa Fe,2009,5N1AT2MK6FC249327,#6bfc22,68618,Emmeloord,https://robohash.org/repellendusdoloremeveniet.jpg?size=50x50&set=set1
Rev,Ronnie,Sleep,rsleep18@upenn.edu,Female,Passport,2002,1YVHZ8BA6A5074664,#c1d1ce,14779,Beijós,https://robohash.org/quospossimusvel.jpg?size=50x50&set=set1
Ms,Bill,Manis,bmanis19@sohu.com,Female,Prizm,2000,3FADP0L34BR843307,#3cd2d8,84770,Luthu,https://robohash.org/similiqueenimbeatae.jpg?size=50x50&set=set1
Ms,Doe,O'Fallowne,dofallowne1a@yellowpages.com,Female,Jetta,2001,1GD21ZCG1DZ041124,#d090af,17856,Banhā,https://robohash.org/voluptatumidaut.jpg?size=50x50&set=set1
Mrs,Jammie,Nolan,jnolan1b@sphinn.com,Female,MX-5,1991,JM1GJ1T61F1753007,#eb2a06,48024,Estombar,https://robohash.org/dolorumfacilisrerum.jpg?size=50x50&set=set1
Mr,Brien,Chazotte,bchazotte1c@patch.com,Male,MKX,2011,1C4RDJAG4CC378869,#ba5161,92333,Shahrīār,https://robohash.org/quirepellendusenim.jpg?size=50x50&set=set1
Mr,Nicolle,Casarili,ncasarili1d@ebay.co.uk,Female,Fairlane,1965,2C3CDXHG2FH559893,#f86f40,29812,Annecy,https://robohash.org/culpavoluptatumlaborum.jpg?size=50x50&set=set1
Rev,Ingrim,Kenrat,ikenrat1e@chron.com,Male,S6,2010,1G6DD67V080864829,#245e67,33997,Kallar Kahār,https://robohash.org/vitaecumquepossimus.jpg?size=50x50&set=set1
Mr,Eran,Whitmore,ewhitmore1f@typepad.com,Female,C30,2010,1G4GG5E38CF076783,#20af32,85810,Zhangshui,https://robohash.org/verolaboriosamquo.jpg?size=50x50&set=set1
Rev,Janessa,Davisson,jdavisson1g@behance.net,Female,MX-3,1994,JA32X2HU4EU990107,#8799f7,57018,Xiluodu,https://robohash.org/quitemporeaut.jpg?size=50x50&set=set1
Mr,Benoite,Brick,bbrick1h@accuweather.com,Female,Express 3500,2001,3VWKX7AJ8CM583775,#a3a0da,55449,Mezhevoy,https://robohash.org/velperferendisvero.jpg?size=50x50&set=set1
Honorable,Alisha,Antos,aantos1i@is.gd,Female,GX,2011,1N6AA0CC9AN272006,#d744a6,54551,Köln,https://robohash.org/autemdelenitinihil.jpg?size=50x50&set=set1
Dr,Aksel,Petofi,apetofi1j@yahoo.co.jp,Male,SJ 410,1986,YV1902MD3F1986394,#22d30e,89742,Boniewo,https://robohash.org/repellatomnisiusto.jpg?size=50x50&set=set1
Honorable,Carla,Tice,ctice1k@is.gd,Female,F250,1992,3C3CFFAR6CT563934,#5274f6,81470,Paris 02,https://robohash.org/architectoillumsapiente.jpg?size=50x50&set=set1
Mr,Wald,Eames,weames1l@printfriendly.com,Male,Tahoe,2009,1GD020CG1CF850896,#5ffe79,71878,Obikiik,https://robohash.org/ipsamperspiciatistempore.jpg?size=50x50&set=set1
Rev,Shepard,Swinnard,sswinnard1m@flavors.me,Male,Murciélago,2004,2C3CA4CD7AH676169,#cf8a8b,97892,Tolosa,https://robohash.org/illumnonsed.jpg?size=50x50&set=set1
Dr,Sax,Houselee,shouselee1n@de.vu,Male,LTD Crown Victoria,1987,5GAEV23D59J423277,#f0019b,50680,Kangasala,https://robohash.org/evenietdoloraut.jpg?size=50x50&set=set1
Ms,Deanna,Bynold,dbynold1o@marriott.com,Female,Mirage,1988,3VW217AU5FM343373,#c365dd,91999,Wenquan,https://robohash.org/doloremnecessitatibusdebitis.jpg?size=50x50&set=set1
Rev,Leighton,McNair,lmcnair1p@bizjournals.com,Male,7 Series,2012,WAUKF98E28A744729,#654fcc,62278,Greensboro,https://robohash.org/nostrumexcum.jpg?size=50x50&set=set1
Mr,Minetta,Bucher,mbucher1q@nhs.uk,Female,Maxima,2008,1GD01ZEG1BF650555,#976ee8,31912,Nāḩiyat Hīrān,https://robohash.org/fugiatconsecteturnam.jpg?size=50x50&set=set1
Rev,Tori,Winkless,twinkless1r@live.com,Female,Sierra 2500,2001,1G6KD54Y64U903054,#9a4259,44596,Yarīm,https://robohash.org/voluptatemanimipossimus.jpg?size=50x50&set=set1
Mr,Hannis,Boyack,hboyack1s@eventbrite.com,Female,Montana,2002,WP0AB2A95AS552347,#7d91a2,33028,Xiwanzi,https://robohash.org/iustovoluptatemveritatis.jpg?size=50x50&set=set1
Rev,Townie,Whitcombe,twhitcombe1t@t-online.de,Male,Navigator L,2008,KNAFX6A81F5809481,#926ee4,36176,Vysokovsk,https://robohash.org/animidignissimosoccaecati.jpg?size=50x50&set=set1
Mr,Mendie,Emmot,memmot1u@clickbank.net,Male,Virage,2012,WBA3D3C59EF207644,#6c3ff6,33228,Jimusa’er,https://robohash.org/sintminusvoluptatum.jpg?size=50x50&set=set1
Rev,Lettie,Nice,lnice1v@java.com,Female,Solara,2000,WBAGL63595D640981,#961bb3,13317,Itzer,https://robohash.org/doloresitaqueet.jpg?size=50x50&set=set1
Ms,Isador,Rogez,irogez1w@engadget.com,Male,Rio,2006,WAUAC48H25K223940,#54c1da,40019,La Eduvigis,https://robohash.org/eniminomnis.jpg?size=50x50&set=set1
Rev,Kerry,Pirazzi,kpirazzi1x@360.cn,Female,Breeze,1999,1GYUCKEF8AR086764,#c92b2c,61018,Xihe,https://robohash.org/sitquiaut.jpg?size=50x50&set=set1
Rev,Carie,Bownd,cbownd1y@si.edu,Female,Montero,1993,1ZVBP8AN6A5199988,#e7cdc2,47571,Phra Nakhon Si Ayutthaya,https://robohash.org/dolorumquammolestiae.jpg?size=50x50&set=set1
Honorable,Izzy,Huertas,ihuertas1z@shareasale.com,Male,Quattro,1994,WBAEJ13473A046377,#b5dc09,37820,Ózd,https://robohash.org/nisisaepeaccusamus.jpg?size=50x50&set=set1
Rev,Pamelina,Knaggs,pknaggs20@cpanel.net,Female,Raider,2006,1GD020CG8CF627948,#26da54,21157,Kurikka,https://robohash.org/recusandaevellabore.jpg?size=50x50&set=set1
Honorable,Hadria,Clewer,hclewer21@cbslocal.com,Female,X5,2008,3C3CFFER1DT846155,#517451,48858,Lesnyye Polyany,https://robohash.org/enimcumquequod.jpg?size=50x50&set=set1
Mrs,Emory,Quare,equare22@umich.edu,Male,Sienna,2008,KMHHT6KD8AU711996,#db0ba9,98820,Ligonggang,https://robohash.org/quiveritatisullam.jpg?size=50x50&set=set1
Mrs,Hetty,Gley,hgley23@china.com.cn,Female,Concorde,1995,5UXFA13585L503378,#a9a194,67023,Nanguzhuang,https://robohash.org/rationeetullam.jpg?size=50x50&set=set1
Ms,Fonzie,Regardsoe,fregardsoe24@uol.com.br,Male,GX,2009,3VWML7AJ2DM952992,#9bfad3,25713,Sentani,https://robohash.org/doloremquelaborealias.jpg?size=50x50&set=set1
Rev,Ripley,Rubinowitch,rrubinowitch25@github.io,Male,RX-8,2009,WAUSH78E58A981486,#d9c488,69161,Biankouma,https://robohash.org/etetut.jpg?size=50x50&set=set1
Honorable,Selestina,Ghilks,sghilks26@smugmug.com,Female,Allante,1993,1N4AB7AP7DN787837,#6c6710,74431,Baoluan,https://robohash.org/dolorrerumet.jpg?size=50x50&set=set1
Mrs,Lynna,Mcasparan,lmcasparan27@cpanel.net,Female,New Beetle,2003,WAULL44E15N573062,#adf00a,15890,Azua,https://robohash.org/voluptasestquos.jpg?size=50x50&set=set1
Dr,Davin,Reekie,dreekie28@msu.edu,Male,Tacoma Xtra,1997,JTHBF1D24F5602161,#ff3369,15549,Batou,https://robohash.org/odioaspernaturest.jpg?size=50x50&set=set1
Ms,Lilia,Stollenbeck,lstollenbeck29@ask.com,Female,Routan,2009,JH4KA96693C242910,#ecf466,63067,Ekerö,https://robohash.org/blanditiisnequeeos.jpg?size=50x50&set=set1
Rev,Chase,Jobes,cjobes2a@prweb.com,Male,Soul,2012,SCFEBBBK8DG885010,#1d4e82,96635,Ostrowite,https://robohash.org/odiovoluptatesminima.jpg?size=50x50&set=set1
Dr,Tarrance,Gouge,tgouge2b@google.co.uk,Male,R8,2008,1FTSW2A5XAE443352,#72b736,86103,A’yi Take,https://robohash.org/porroilloconsectetur.jpg?size=50x50&set=set1
Rev,Meyer,Lyall,mlyall2c@oakley.com,Male,Bronco,1990,WBA3C1C56CA725955,#1a4b30,44434,Remedios,https://robohash.org/aliasautofficiis.jpg?size=50x50&set=set1
Mrs,Angela,Verrill,averrill2d@example.com,Female,TSX,2011,1FTEW1C89AK443312,#cee377,33266,San Pedro One,https://robohash.org/facereablanditiis.jpg?size=50x50&set=set1
Dr,Verina,Dartnall,vdartnall2e@imgur.com,Female,Neon,2000,2FMHK6CT4AB743338,#b0f571,94582,Borehbangle,https://robohash.org/etanimised.jpg?size=50x50&set=set1
Honorable,Patrizio,Bathowe,pbathowe2f@tmall.com,Male,Firebird,1993,137FA84391E618533,#4cb49d,17017,Strumica,https://robohash.org/occaecatimaioresenim.jpg?size=50x50&set=set1
Mrs,Whitby,Milnthorpe,wmilnthorpe2g@webmd.com,Male,Amanti,2006,1N6AA0CC9CN030643,#012a95,53174,Kalinovo,https://robohash.org/nequequaeraterror.jpg?size=50x50&set=set1
Dr,Cissy,Beecker,cbeecker2h@bigcartel.com,Female,Silverado 2500,2004,1G6KD54Y22U356202,#932401,97087,Xintai,https://robohash.org/ipsaidpraesentium.jpg?size=50x50&set=set1
Mrs,Arabelle,Alston,aalston2i@sphinn.com,Female,Savana 2500,2003,WAUGL58E95A459237,#7a2801,75099,Shaft,https://robohash.org/nisiquibusdamconsequuntur.jpg?size=50x50&set=set1
Rev,Mac,Kindle,mkindle2j@apple.com,Male,H1,2004,WAUFFAFL6AN186726,#59b76a,19705,Kopen,https://robohash.org/suntadplaceat.jpg?size=50x50&set=set1
Dr,Nettie,Axcel,naxcel2k@msu.edu,Female,Astro,1999,2LMDJ6JKXBB213508,#aa9366,38590,Dushanbe,https://robohash.org/doloresreprehenderitexplicabo.jpg?size=50x50&set=set1
Ms,Lyle,Gumley,lgumley2l@behance.net,Male,Suburban 1500,1998,1ZVBP8AM6D5044594,#767e53,54302,Beigao,https://robohash.org/doloribusautassumenda.jpg?size=50x50&set=set1
Rev,Clareta,McArthur,cmcarthur2m@netlog.com,Female,Sidekick,1998,1GD01ZCG4BF264473,#c8bf94,22437,Corinto,https://robohash.org/utvoluptatumiusto.jpg?size=50x50&set=set1
Dr,Kala,Gentiry,kgentiry2n@cdc.gov,Female,Malibu,2005,YV4952BZ0E1812560,#a9f848,51489,Noda,https://robohash.org/fuganumquamratione.jpg?size=50x50&set=set1
Honorable,Ollie,McGraw,omcgraw2o@epa.gov,Male,Jimmy,1996,JN1AJ0HP1AM220389,#241828,10729,Pomerode,https://robohash.org/eligendiquiaveniam.jpg?size=50x50&set=set1
Ms,Bank,Brydone,bbrydone2p@jugem.jp,Male,Sidekick,1993,5UXZV4C55DL742453,#0c0795,54187,Shuangnian,https://robohash.org/voluptatemetet.jpg?size=50x50&set=set1
Mrs,Eugene,Weepers,eweepers2q@hubpages.com,Male,Skylark,1989,SCFFDAAM6EG071161,#751017,77255,Fastovetskaya,https://robohash.org/voluptatemitaquecupiditate.jpg?size=50x50&set=set1
Honorable,Regine,Elders,relders2r@nsw.gov.au,Female,S2000,2001,1N6BF0KL1FN128805,#fc7cc7,65732,Lityn,https://robohash.org/eaqueconsequaturautem.jpg?size=50x50&set=set1
Ms,Consuelo,Leadley,cleadley2s@sun.com,Female,Camry,2009,WP0AA2A81BU559828,#60e66c,82630,Jedung,https://robohash.org/nobisenimipsum.jpg?size=50x50&set=set1
Honorable,Jinny,De Hoogh,jdehoogh2t@buzzfeed.com,Female,Grand Marquis,2010,1FMJK1F52AE774626,#719d6d,56888,Pahing Jalatrang,https://robohash.org/animiodiolabore.jpg?size=50x50&set=set1
Rev,Clerkclaude,Connachan,cconnachan2u@xrea.com,Male,Caravan,2007,JH4CL96895C354996,#3a2e24,93069,Huangzhuang,https://robohash.org/hicducimusvoluptas.jpg?size=50x50&set=set1
Dr,Noella,Figge,nfigge2v@loc.gov,Female,H2,2008,5J8TB3H5XFL337650,#82892f,99499,Daniëlskuil,https://robohash.org/enimvoluptatemsed.jpg?size=50x50&set=set1
Rev,Hube,Conkling,hconkling2w@purevolume.com,Male,Caravan,1993,JM1DE1KYXE0301183,#c67608,76144,Hachiōji,https://robohash.org/praesentiumminimaat.jpg?size=50x50&set=set1
Honorable,Prisca,Belden,pbelden2x@wsj.com,Female,Sentra,2003,JN1CV6FE6BM020756,#21a90d,46378,Taibai,https://robohash.org/explicaboconsequaturet.jpg?size=50x50&set=set1
Honorable,Larine,Dufer,ldufer2y@amazon.de,Female,Explorer,1992,JH4DC54883S927714,#5117e7,30710,Wangchuanchang,https://robohash.org/odionihileius.jpg?size=50x50&set=set1
Dr,Silvain,Pragnall,spragnall2z@ox.ac.uk,Male,Escalade,2010,1G6AB5RX2E0054244,#2b1324,25410,Bantay,https://robohash.org/asperioresexcepturinesciunt.jpg?size=50x50&set=set1
Rev,Chrisy,Loadman,cloadman30@wikispaces.com,Male,Laser,1985,WAUAF78E76A490822,#cc5a16,82166,Nanyang,https://robohash.org/fugaveniamest.jpg?size=50x50&set=set1
Rev,Marchelle,Thurlbourne,mthurlbourne31@seattletimes.com,Female,Boxster,2002,YV4902NC3F1798872,#176c9d,42752,Gitega,https://robohash.org/atlaboreesse.jpg?size=50x50&set=set1
Dr,Datha,Pirdue,dpirdue32@indiatimes.com,Female,E150,2009,KM8NU4CC2BU071747,#3a7210,63826,Jiupu,https://robohash.org/autoditqui.jpg?size=50x50&set=set1
Rev,Frants,Thirlaway,fthirlaway33@samsung.com,Male,Coupe GT,1985,WA1DGAFE6BD633016,#a92b74,65483,Sylhet,https://robohash.org/harumducimussed.jpg?size=50x50&set=set1
Mr,Lurette,Dymidowicz,ldymidowicz34@ning.com,Female,A3,2009,WAU3MAFD0FN986494,#219c9e,88687,Guinobatan,https://robohash.org/molestiasrepellatofficia.jpg?size=50x50&set=set1
Mrs,Pauli,Dancey,pdancey35@elegantthemes.com,Female,M5,2003,3D73Y3CL3BG787124,#50bb9f,99941,Gnojnica,https://robohash.org/laudantiumsintcum.jpg?size=50x50&set=set1
Rev,Colet,Smouten,csmouten36@yahoo.com,Male,Rally Wagon 3500,1993,JN1CV6AP0CM944250,#370974,86147,Águas de Lindóia,https://robohash.org/eiusabnesciunt.jpg?size=50x50&set=set1
Dr,Brig,Easterling,beasterling37@addtoany.com,Male,Suburban 1500,1998,YV426MDB2F2954902,#7bff40,79865,Kissónerga,https://robohash.org/eiusdoloresplaceat.jpg?size=50x50&set=set1
Ms,Kenyon,Keasy,kkeasy38@desdev.cn,Male,Colorado,2004,WA1LGAFE6ED218925,#cb3459,31922,Kota Kinabalu,https://robohash.org/ipsumenimreprehenderit.jpg?size=50x50&set=set1
Dr,Bertine,Lippini,blippini39@de.vu,Female,H2,2003,4T3BA3BB2BU037071,#cd1f60,48670,Angoulême,https://robohash.org/voluptatemolestiaerepudiandae.jpg?size=50x50&set=set1
Ms,Mavra,Jenks,mjenks3a@angelfire.com,Female,Trooper,1993,WAUEV94F47N227812,#a0a59d,85738,Gontar,https://robohash.org/quodquaeporro.jpg?size=50x50&set=set1
Honorable,Otis,Sterricks,osterricks3b@answers.com,Male,T100 Xtra,1997,3GTXKYEJ7AG127477,#a52112,32205,Lanlongkou,https://robohash.org/pariaturdoloribusdelectus.jpg?size=50x50&set=set1
Dr,Osbert,Bouchier,obouchier3c@gizmodo.com,Male,Sentra,1993,3D7LP2ET8AG404528,#b48e7f,73686,Mīrābād,https://robohash.org/temporaiustounde.jpg?size=50x50&set=set1
Ms,Janaya,Bridgewood,jbridgewood3d@merriam-webster.com,Female,Roadmaster,1994,WBABV13496J442838,#c2c2a9,45681,Zaslawye,https://robohash.org/nullamagnialiquam.jpg?size=50x50&set=set1
Rev,Sofia,Redford,sredford3e@dmoz.org,Female,Town Car,1990,5NPEB4AC9BH091730,#f1e496,68000,Huozhuangzi,https://robohash.org/estnamautem.jpg?size=50x50&set=set1
Dr,Gianni,Jarvis,gjarvis3f@cbslocal.com,Male,Expedition,2000,WA1LMBFE9DD997671,#31cb70,42218,Ujazd,https://robohash.org/quiadipiscivoluptatibus.jpg?size=50x50&set=set1
Mrs,Steward,Gawthorpe,sgawthorpe3g@freewebs.com,Male,Corsica,1994,5BZAF0AA4FN249567,#34f0db,74390,Xinglong,https://robohash.org/quiaanimisunt.jpg?size=50x50&set=set1
Mrs,Legra,Welfare,lwelfare3h@nbcnews.com,Female,Landaulet,2011,KMHTC6AD6DU775700,#0fbcc5,48736,Novoanninskiy,https://robohash.org/quasiofficiaoptio.jpg?size=50x50&set=set1
Rev,Gar,Mushet,gmushet3i@ca.gov,Male,Safari,2004,WAUKH94F27N124821,#e4389e,14869,Pokrovskoye,https://robohash.org/veniamnumquamid.jpg?size=50x50&set=set1
Rev,Dorey,Duester,dduester3j@tinyurl.com,Female,J,1993,1C4RDHAG7FC052822,#ef75ff,22400,Ipoh,https://robohash.org/autrepudiandaesed.jpg?size=50x50&set=set1
Rev,Wiley,Haldenby,whaldenby3k@drupal.org,Male,MX-5,1993,WAUSF78E76A507994,#37846d,10909,Panenggoede,https://robohash.org/etisteeius.jpg?size=50x50&set=set1
Rev,Gustav,Skotcher,gskotcher3l@hao123.com,Male,Parisienne,1985,19UUA65694A357497,#7f9f32,11683,Panyingkiran,https://robohash.org/voluptatemsuntreiciendis.jpg?size=50x50&set=set1
Mr,Addie,Tolchar,atolchar3m@google.es,Male,LeSabre,1991,1GD311CG1FZ980296,#4ec154,23263,Magnitka,https://robohash.org/consequaturquaeratalias.jpg?size=50x50&set=set1
Mr,Caro,Kunkel,ckunkel3n@51.la,Female,Canyon,2007,1N6AF0KY5EN814755,#a5811e,41767,Langchuan,https://robohash.org/doloribusmaioresmolestiae.jpg?size=50x50&set=set1
Rev,Meier,Balam,mbalam3o@tamu.edu,Male,MKX,2008,WA1LKAFP4AA523089,#4d4cd0,37112,Saint-Malo,https://robohash.org/sitabdistinctio.jpg?size=50x50&set=set1
Honorable,Claudian,Stivey,cstivey3p@phoca.cz,Male,R8,2012,WAULT68E05A501699,#658d1e,27267,Mamonovo,https://robohash.org/etveniamvoluptatibus.jpg?size=50x50&set=set1
Mrs,Waylen,Bartolomivis,wbartolomivis3q@twitpic.com,Male,TT,2005,3C3CFFDR0FT632892,#946fc2,24284,Sumberagung,https://robohash.org/quisadipisciquas.jpg?size=50x50&set=set1
Rev,Rochelle,Luddy,rluddy3r@nasa.gov,Female,Skyhawk,1989,SCFAD02A45G572834,#da59f5,46219,Hushan,https://robohash.org/aliquidfugaminima.jpg?size=50x50&set=set1
Mr,Isak,MacDermid,imacdermid3s@1und1.de,Male,Sierra,2010,WBSBR934X5P778153,#55126f,40701,Riyue,https://robohash.org/cumomnislibero.jpg?size=50x50&set=set1
Ms,Wandie,Lourenco,wlourenco3t@cyberchimps.com,Female,Escape,2008,KNALN4D79F5384320,#57c89c,26534,Kobayashi,https://robohash.org/teneturnonnobis.jpg?size=50x50&set=set1
Rev,Suellen,Sparway,ssparway3u@booking.com,Female,Z3,2000,1GYEC63T24R053056,#5fc4a0,11382,Dongguan,https://robohash.org/dolorinventoreet.jpg?size=50x50&set=set1
Mr,Germayne,Wiles,gwiles3v@fotki.com,Male,xB,2011,JN8AF5MR7ET747291,#a1e379,53297,Nakasongola,https://robohash.org/ipsaodioperferendis.jpg?size=50x50&set=set1
Ms,Hope,Krammer,hkrammer3w@php.net,Female,Aura,2007,KNADH5A32A6493059,#62f734,22089,Devnya,https://robohash.org/quibusdamnemoquia.jpg?size=50x50&set=set1
Mrs,Falito,Grimsdith,fgrimsdith3x@webnode.com,Male,LeSabre,1999,WBA3C1C5XDK377184,#5ee1a1,55012,Baton Rouge,https://robohash.org/animiautquaerat.jpg?size=50x50&set=set1
Rev,Eloise,Novichenko,enovichenko3y@prlog.org,Female,MPV,2005,1G6DM57N440127511,#b892a7,70480,Lucban,https://robohash.org/quidolorumoptio.jpg?size=50x50&set=set1
Dr,Faber,Scawn,fscawn3z@economist.com,Male,Galaxie,1964,WBAWR33599P862160,#908360,22473,Pueblo Nuevo,https://robohash.org/seddoloreratione.jpg?size=50x50&set=set1
Rev,Neddy,Westcott,nwestcott40@craigslist.org,Male,Panamera,2010,19UUA75688A696764,#58c84c,43766,Ia Kha,https://robohash.org/eaquerepellatvero.jpg?size=50x50&set=set1
Honorable,Nestor,Summersby,nsummersby41@upenn.edu,Male,Grand Prix,2007,4T1BK3DB8AU096899,#efff92,94865,Cibeureum,https://robohash.org/sittemporaquis.jpg?size=50x50&set=set1
Dr,Joey,Lamswood,jlamswood42@friendfeed.com,Female,SL-Class,1995,WBAEB53558C070203,#6fda83,58506,Guayaquil,https://robohash.org/etlaboriosamvelit.jpg?size=50x50&set=set1
Rev,Russ,Sussans,rsussans43@rediff.com,Male,XF,2011,3VW217AU1FM472629,#4ad8bc,30868,Tanguá,https://robohash.org/reiciendisiustotenetur.jpg?size=50x50&set=set1
Ms,Janice,Roman,jroman44@mysql.com,Female,Viper,2010,WBADN53442G610571,#f0fbb9,59845,Kudara-Somon,https://robohash.org/fugiatquiaid.jpg?size=50x50&set=set1
Mrs,Thorvald,Thwaite,tthwaite45@irs.gov,Male,Discovery,2011,JH4DC53803C584523,#3333a1,66106,San Rafael,https://robohash.org/idoccaecatiet.jpg?size=50x50&set=set1
Honorable,Waring,Opdenort,wopdenort46@businesswire.com,Male,Thunderbird,1977,1G4PS5SK5E4243948,#d5f3c6,49042,Jiangshi,https://robohash.org/quasiverovoluptatibus.jpg?size=50x50&set=set1
Honorable,Susanetta,Verryan,sverryan47@omniture.com,Female,Trans Sport,1990,3VWJP7AT7CM296392,#c6a70e,37843,Pitanga,https://robohash.org/repellatfacilislaboriosam.jpg?size=50x50&set=set1
Honorable,Fitz,Kittiman,fkittiman48@mediafire.com,Male,Laser,1990,1G6DV1EP1B0406969,#9dc52e,86607,Kostyantynivka,https://robohash.org/eumsedlabore.jpg?size=50x50&set=set1
Mrs,Melvyn,Dolder,mdolder49@wikispaces.com,Male,XJ Series,2004,1C6RD7LPXCS841840,#0b7a07,95411,Marietta,https://robohash.org/voluptatemnisiofficia.jpg?size=50x50&set=set1
Dr,Ron,O'Hare,rohare4a@economist.com,Male,Ram Wagon B150,1994,JH4DC43651S237250,#b61475,35120,Bayog,https://robohash.org/similiquebeataereiciendis.jpg?size=50x50&set=set1
Mrs,Baldwin,Poacher,bpoacher4b@a8.net,Male,SVX,1992,WBA3R1C54EK330426,#793c20,99022,Karantaba,https://robohash.org/temporibusrerumlaboriosam.jpg?size=50x50&set=set1
Ms,Caroljean,Merwede,cmerwede4c@microsoft.com,Female,9-2X,2006,SCFEBBCF2BG643232,#fdb04e,27011,San Juan del Surutú,https://robohash.org/maximesapientea.jpg?size=50x50&set=set1
Dr,Tierney,Braisted,tbraisted4d@tripod.com,Female,Sprinter,2009,WBAVM5C53FV869540,#ef7134,20298,Razvanje,https://robohash.org/voluptatemvoluptatemqui.jpg?size=50x50&set=set1
Mr,Tersina,Ventris,tventris4e@so-net.ne.jp,Female,Tiburon,1998,WAUKF78E88A710427,#1a109f,82659,Maagnas,https://robohash.org/facilisprovidentab.jpg?size=50x50&set=set1
Dr,Cullin,Milby,cmilby4f@vk.com,Male,H2,2006,JN1AZ4EH2DM874478,#15383c,69968,Gujrāt,https://robohash.org/magnamvoluptasmollitia.jpg?size=50x50&set=set1
Mrs,Shelagh,Sondon,ssondon4g@bbc.co.uk,Female,S-Series,1993,3GTXCYEJ1AG203367,#d03b5a,96799,Dabao’anzhen,https://robohash.org/aliquamquosunde.jpg?size=50x50&set=set1
Mrs,Kiah,Burke,kburke4h@ebay.com,Female,SSR,2003,WBA1F5C56EV940690,#9d3803,44368,Mugan,https://robohash.org/idvoluptasqui.jpg?size=50x50&set=set1
Ms,Kean,Georgot,kgeorgot4i@loc.gov,Male,Sequoia,2004,SCFAD01A77G397287,#fb78ea,47952,Levallois-Perret,https://robohash.org/eosvoluptasadipisci.jpg?size=50x50&set=set1
Ms,Joseph,Churchley,jchurchley4j@cnbc.com,Male,Ranger,2007,19UUA9E55EA972509,#cb13c3,33913,Goryachevodskiy,https://robohash.org/consequaturnesciuntiure.jpg?size=50x50&set=set1
Ms,Ingemar,Garrioch,igarrioch4k@nyu.edu,Male,S80,2011,KL4CJGSB5DB757790,#062912,97979,Batanovtsi,https://robohash.org/mollitiaminusautem.jpg?size=50x50&set=set1
Rev,Trever,Haburne,thaburne4l@163.com,Male,QX,2007,3GYFNDEYXBS560258,#c02645,51061,Oslo,https://robohash.org/autemullammagnam.jpg?size=50x50&set=set1
Mrs,Renard,Stennings,rstennings4m@e-recht24.de,Male,Sebring,1999,1FTEW1E82AK313479,#8a9e5a,57290,Misasi,https://robohash.org/dignissimosidrerum.jpg?size=50x50&set=set1
Dr,Arman,Foskew,afoskew4n@wufoo.com,Male,Crosstour,2012,WAUML64B93N281274,#ea6d9a,86315,Fuwayriţ,https://robohash.org/doloremqueetvoluptas.jpg?size=50x50&set=set1
Honorable,Odelinda,Hadcroft,ohadcroft4o@zdnet.com,Female,Blazer,2003,KNDPB3AC7F7600596,#35fe3c,45160,Jalpatagua,https://robohash.org/dolormolestiaeaut.jpg?size=50x50&set=set1
Mrs,Erastus,Poker,epoker4p@phoca.cz,Male,S-Series,1994,WAUBH78E78A669296,#d3bbbb,47833,Bahuang,https://robohash.org/teneturinexercitationem.jpg?size=50x50&set=set1
Mr,Barnabas,Peggram,bpeggram4q@symantec.com,Male,Forester,2003,WAUGFAFC1EN266655,#afdf8c,51644,Bozoum,https://robohash.org/sedaliquamvel.jpg?size=50x50&set=set1
Dr,Siegfried,Castillou,scastillou4r@people.com.cn,Male,Caravan,1999,WBAUU3C52AA399338,#893682,47040,Kuala Terengganu,https://robohash.org/nihilconsequaturquisquam.jpg?size=50x50&set=set1
Dr,Jonah,Souten,jsouten4s@msn.com,Male,Electra,1985,WP1AA2AP5AL156491,#ab7c2a,25062,Stockholm,https://robohash.org/autteneturdolor.jpg?size=50x50&set=set1
Dr,Garwood,Sunshine,gsunshine4t@salon.com,Male,Camaro,1999,1GKUCHE02AR723253,#4330bc,88404,Popayán,https://robohash.org/corruptisitnemo.jpg?size=50x50&set=set1
Rev,Ned,Gosnay,ngosnay4u@chicagotribune.com,Male,Santa Fe,2003,1GYUCJEF6AR244397,#4ebf8a,68592,Pangian,https://robohash.org/dictaipsamrerum.jpg?size=50x50&set=set1
Mrs,Dolph,Aldins,daldins4v@dion.ne.jp,Male,Lancer,2011,WAUEV74F87N722616,#438f66,30905,Qeshm,https://robohash.org/abnonaliquam.jpg?size=50x50&set=set1
Ms,Willie,Nisard,wnisard4w@privacy.gov.au,Female,Esteem,1996,1G6DN56S750154627,#f2309c,28316,Dadu,https://robohash.org/autdignissimosipsa.jpg?size=50x50&set=set1
Dr,Ardyce,Mansion,amansion4x@ihg.com,Female,Grand Cherokee,1996,WBAUC73549V180024,#9994f3,77207,Saint-Lin-Laurentides,https://robohash.org/cumquiet.jpg?size=50x50&set=set1
Dr,Dolorita,Whittlesee,dwhittlesee4y@networksolutions.com,Female,Outback,2000,WBA5A7C51ED002811,#e36c88,21353,Tanjungampalu,https://robohash.org/eumsedomnis.jpg?size=50x50&set=set1
Dr,Correy,Leed,cleed4z@163.com,Female,Corolla,1997,1GYEE53A690168208,#15b31c,10721,Zipaquirá,https://robohash.org/delectusteneturipsa.jpg?size=50x50&set=set1
Mrs,Dani,Heinschke,dheinschke50@geocities.jp,Male,Eurovan,1995,WDDGF4HB6CA644049,#94baf6,96224,Skýros,https://robohash.org/inciduntenimaccusamus.jpg?size=50x50&set=set1
Rev,Danyette,Partener,dpartener51@skyrock.com,Female,Highlander,2002,WAUEL94F86N303505,#3b1503,21508,Tzaneen,https://robohash.org/quietquasi.jpg?size=50x50&set=set1
Dr,Washington,Swanger,wswanger52@histats.com,Male,Ram 1500,1996,WBAVM5C58EV390920,#c18c89,57394,Oxelösund,https://robohash.org/nonmodivero.jpg?size=50x50&set=set1
Mrs,Carmon,Dicke,cdicke53@woothemes.com,Female,Thunderbird,1989,5TFCY5F12CX515337,#a92b97,21241,Thomassique,https://robohash.org/exercitationemfacilisut.jpg?size=50x50&set=set1
Ms,Katerina,Cuberley,kcuberley54@mail.ru,Female,Camaro,2011,JH4DC53813S043986,#4667fc,81262,El Progreso,https://robohash.org/reprehenderitnihilsint.jpg?size=50x50&set=set1
Rev,Leslie,Dahle,ldahle55@imdb.com,Female,Beretta,1995,5N1AZ2MG9FN165291,#894bc8,47646,Guyang,https://robohash.org/possimusporrotempora.jpg?size=50x50&set=set1
Ms,Dannie,Di Angelo,ddiangelo56@spotify.com,Male,3000GT,1997,SCBDP3ZA6AC932779,#046c14,56288,Jandira,https://robohash.org/doloremutasperiores.jpg?size=50x50&set=set1
Mr,Siward,Cheshire,scheshire57@wikimedia.org,Male,1500 Club Coupe,1996,WAU3FAFR8DA272977,#ff302d,30864,Hikari,https://robohash.org/adipisciistequis.jpg?size=50x50&set=set1
Dr,Sanson,Woods,swoods58@ustream.tv,Male,850,1997,KMHCM3AC8BU913687,#e46c4f,87981,Horta,https://robohash.org/doloresitdignissimos.jpg?size=50x50&set=set1
Mr,Chryste,Fossick,cfossick59@craigslist.org,Female,Previa,1991,1G6DK1E36C0343519,#cf7ae8,20759,Hanamaki,https://robohash.org/omnisfugaodit.jpg?size=50x50&set=set1
Mrs,Hilary,Glidder,hglidder5a@cbc.ca,Female,Aztek,2004,4T1BF1FK5EU272142,#cd0f42,48259,Vale de Santarém,https://robohash.org/minusporrooptio.jpg?size=50x50&set=set1
Dr,Georgine,Katzmann,gkatzmann5b@hp.com,Female,5 Series,2001,WBAAZ33463P218012,#03c76b,31046,Poříčí nad Sázavou,https://robohash.org/molestiaevelitnecessitatibus.jpg?size=50x50&set=set1
Rev,Levi,Maharey,lmaharey5c@loc.gov,Male,Rally Wagon G2500,1995,5J8TB1H23AA273160,#4165a3,69222,Mayo,https://robohash.org/voluptatemaspernaturin.jpg?size=50x50&set=set1
Honorable,Corby,Pierro,cpierro5d@indiegogo.com,Male,Monte Carlo,1995,WAU3MAFD3FN453040,#bf18f5,59709,Campo Alegre,https://robohash.org/quiomniseveniet.jpg?size=50x50&set=set1
Honorable,Locke,MacCarrick,lmaccarrick5e@cmu.edu,Male,Express 2500,1996,WBA4B1C58FG962617,#9e040c,48474,Limboto,https://robohash.org/culpanemoqui.jpg?size=50x50&set=set1
Rev,Daile,Osmar,dosmar5f@amazon.co.jp,Female,V70,2009,19UUA9F53CA922350,#7295f5,51641,Okhtyrka,https://robohash.org/molestiasquasquam.jpg?size=50x50&set=set1
Dr,Irvine,Storry,istorry5g@scientificamerican.com,Male,Pajero,2002,1N6AA0CCXAN505861,#61708a,56807,Marmande,https://robohash.org/evenietomnisaut.jpg?size=50x50&set=set1
Mr,Bearnard,Garnsey,bgarnsey5h@ehow.com,Male,Altima,2002,WAUGL78E87A779809,#326c50,23064,Phichit,https://robohash.org/atquetemporibusaccusantium.jpg?size=50x50&set=set1
Honorable,Cati,Gowar,cgowar5i@rediff.com,Female,Sienna,2007,WUAPV54B03N172872,#ad9978,12886,Кондово,https://robohash.org/molestiaeautaut.jpg?size=50x50&set=set1
Dr,Cherrita,Gothliff,cgothliff5j@digg.com,Female,Escalade,2004,1HGCR6F39EA790649,#e671c9,21957,Hongqi,https://robohash.org/solutaadipiscicorporis.jpg?size=50x50&set=set1
Rev,Brannon,Elder,belder5k@sina.com.cn,Male,G,2000,KMHEC4A45EA895360,#1e3250,26822,Troyan,https://robohash.org/molestiasvelitcorporis.jpg?size=50x50&set=set1
Honorable,Myrtice,Klas,mklas5l@foxnews.com,Female,2500,1998,5UXFA93575L791408,#3a1f6a,73172,Dongyangzhen,https://robohash.org/rerummodiexercitationem.jpg?size=50x50&set=set1
Rev,Darbee,Mico,dmico5m@moonfruit.com,Male,Genesis,2009,5UXKR2C59E0209289,#2d0c1d,47098,Engenheiro Beltrão,https://robohash.org/idofficiaitaque.jpg?size=50x50&set=set1
Ms,Fredek,Roubottom,froubottom5n@hp.com,Male,F250,2003,KNAFX6A82E5056817,#a6a59e,64719,Almoínhas Velhas,https://robohash.org/quiquismagni.jpg?size=50x50&set=set1
Mr,Corbin,Derl,cderl5o@storify.com,Male,Intrepid,1997,5TDDK3DC0DS750521,#bed12a,69106,Ringim,https://robohash.org/doloremqueofficiisest.jpg?size=50x50&set=set1
Mr,Julius,Hannay,jhannay5p@newyorker.com,Male,Tacoma Xtra,1998,WDDLJ6HB5FA458824,#87d773,20320,Garisul,https://robohash.org/ullamdoloremqueet.jpg?size=50x50&set=set1
Ms,Grayce,Reignolds,greignolds5q@topsy.com,Female,GS,1996,1G6AS5S33E0334715,#b8a745,24305,Manhan,https://robohash.org/veritatisvelitnecessitatibus.jpg?size=50x50&set=set1
Mr,Devan,Landy,dlandy5r@scribd.com,Female,Land Cruiser,2006,5N1AN0NU4FN000950,#e4a8e6,34568,Wailiang,https://robohash.org/voluptasvelexercitationem.jpg?size=50x50&set=set1
Mr,Tynan,Gaffey,tgaffey5s@wufoo.com,Male,Camry Hybrid,2007,WBSBL93445P384908,#4da68b,11139,Muyinga,https://robohash.org/ipsavitaererum.jpg?size=50x50&set=set1
Rev,Alfonse,Tothe,atothe5t@cisco.com,Male,Odyssey,2004,3FA6P0D92DR082467,#cbbd9b,53557,Masaraway,https://robohash.org/rerumdeseruntdolor.jpg?size=50x50&set=set1
Rev,Yehudit,Medford,ymedford5u@yellowpages.com,Male,Panamera,2012,WAU3GAFD4FN592553,#c6930a,32153,Toktogul,https://robohash.org/undecommodilaborum.jpg?size=50x50&set=set1
Mrs,Delores,Hazley,dhazley5v@sourceforge.net,Female,Camaro,1980,1GYUKEEJXAR154667,#213941,49042,Hachinohe,https://robohash.org/reprehenderitnumquamrepellat.jpg?size=50x50&set=set1
Mr,Tades,Victoria,tvictoria5w@miitbeian.gov.cn,Male,CTS,2006,2G4GV5GV6D9199917,#690943,44133,Ngeru,https://robohash.org/eiusutquia.jpg?size=50x50&set=set1
Ms,Bessy,Blakebrough,bblakebrough5x@wikipedia.org,Female,Quest,2000,WVGFF9BP8BD851722,#4e4ea7,61554,Lopar,https://robohash.org/ipsamsimiliqueomnis.jpg?size=50x50&set=set1
Rev,Bondie,Mulqueeny,bmulqueeny5y@state.gov,Male,Stratus,2002,1GKS1HE02BR839941,#590acc,12357,Cipari,https://robohash.org/innequeeveniet.jpg?size=50x50&set=set1
Mr,Alecia,Besque,abesque5z@naver.com,Female,Sebring,1998,5BZBF0AA9FN901751,#ccf3bc,50425,Wuci,https://robohash.org/errorlaudantiumvoluptatem.jpg?size=50x50&set=set1
Mrs,Merrilee,McClarence,mmcclarence60@webeden.co.uk,Female,9-5,2009,1G6DX67D390976833,#a7a201,60995,Hong’an Chengguanzhen,https://robohash.org/rerumquaeaut.jpg?size=50x50&set=set1
Mr,Owen,Iori,oiori61@posterous.com,Male,Impala,1995,5TDBK3EH1DS682165,#601fe8,29148,Paradela,https://robohash.org/consequaturmolestiaedolor.jpg?size=50x50&set=set1
Ms,Boy,Cayzer,bcayzer62@purevolume.com,Male,Torrent,2007,1D4PT4GX4BW764243,#31ce04,10998,Jianggao,https://robohash.org/blanditiisinciduntsit.jpg?size=50x50&set=set1
Mrs,Brook,Bartram,bbartram63@feedburner.com,Male,SJ,1986,1FMCU5K34AK911744,#7f98ef,56401,La Broquerie,https://robohash.org/adcumsed.jpg?size=50x50&set=set1
Dr,Ilario,Seegar,iseegar64@blogtalkradio.com,Male,Firefly,1990,1G6AB5R35E0040190,#cbeeb4,60732,Pervoural’sk,https://robohash.org/autemrepudiandaequi.jpg?size=50x50&set=set1
Mrs,Moore,Crowch,mcrowch65@sun.com,Male,Daewoo Magnus,2004,3VW4A7AT1DM451227,#c105e9,57965,Bitin,https://robohash.org/perspiciatisducimusquod.jpg?size=50x50&set=set1
Dr,Claudine,Lawler,clawler66@cocolog-nifty.com,Female,Sunbird,1990,1G6AB5R30F0111510,#d03daf,38309,Stockholm,https://robohash.org/eosquaeex.jpg?size=50x50&set=set1
Ms,Brandy,Height,bheight67@elegantthemes.com,Female,G,2008,WBAVC53537F038912,#93e495,75603,Jiaoba,https://robohash.org/dolorumanimiexcepturi.jpg?size=50x50&set=set1
Mr,Rubin,Collihole,rcollihole68@washington.edu,Male,C-Class,2009,1GYS4KEFXBR963423,#e100cc,36983,Stavanger,https://robohash.org/eumfugacommodi.jpg?size=50x50&set=set1
Dr,Sheila,Bautiste,sbautiste69@nps.gov,Female,Mazda3,2010,1G4HP52K444521856,#9281ed,72614,Medang,https://robohash.org/delectussedqui.jpg?size=50x50&set=set1
Mrs,Marten,Bediss,mbediss6a@gizmodo.com,Male,CR-V,2008,2C3CCAAG9CH490352,#e3c71d,61352,Naju,https://robohash.org/sedquodea.jpg?size=50x50&set=set1
Mrs,Flor,Waddoups,fwaddoups6b@seattletimes.com,Female,Continental,2011,JTDBT4K36B4907491,#bb81c2,81364,Bilohirs’k,https://robohash.org/blanditiisnullaiste.jpg?size=50x50&set=set1
Mr,Farrell,Yurasov,fyurasov6c@discuz.net,Male,Dakota,2000,WAUEFBFL2EA316306,#4d20e6,47235,Yanji,https://robohash.org/illumsitnemo.jpg?size=50x50&set=set1
Dr,Sallyann,Tanzer,stanzer6d@usda.gov,Female,MPV,2005,19UUA9F75DA415825,#bd6fae,60314,Svalyava,https://robohash.org/consectetursitbeatae.jpg?size=50x50&set=set1
Mr,Lanie,Merrikin,lmerrikin6e@shop-pro.jp,Female,X5,2002,JN1AV7AR5FM328739,#6274ad,92574,Tha Tako,https://robohash.org/minimatotamcommodi.jpg?size=50x50&set=set1
Mr,Jehanna,Cough,jcough6f@ucoz.ru,Female,Ram Van 1500,2003,WAUCFAFHXCN247772,#87d427,25749,Lukavec,https://robohash.org/faceredoloremest.jpg?size=50x50&set=set1
Ms,Pru,Wheeler,pwheeler6g@sohu.com,Female,Express 2500,2002,SAJWA4EC5CM278957,#8279c8,99740,Tifni,https://robohash.org/atquedoloresmollitia.jpg?size=50x50&set=set1
Mrs,Farica,Yewen,fyewen6h@360.cn,Female,Tribute,2002,KMHEC4A49EA218196,#a26953,38623,San Juan,https://robohash.org/dolorsedcorporis.jpg?size=50x50&set=set1
Dr,Marshal,Shelly,mshelly6i@prlog.org,Male,Silverado,2001,1G6DU6EA7A0229290,#de8c94,86188,Jamaica,https://robohash.org/teneturiustonemo.jpg?size=50x50&set=set1
Mrs,Neila,Bearsmore,nbearsmore6j@oaic.gov.au,Female,Savana 3500,2004,1GYEK63N24R175436,#217d9a,78518,Nanfeng,https://robohash.org/repudiandaeconsequaturquisquam.jpg?size=50x50&set=set1
Honorable,Dietrich,Klaaasen,dklaaasen6k@cornell.edu,Male,Accent,2010,3C6JD6DK0CG215148,#6c9972,61152,Pueblo,https://robohash.org/quodvelconsequatur.jpg?size=50x50&set=set1
Mrs,Norry,Sumers,nsumers6l@slate.com,Female,i-Series,2006,1GYFK13209R592395,#41c537,89425,Chile Chico,https://robohash.org/perspiciatiseaaliquam.jpg?size=50x50&set=set1
Mr,Alex,Goodacre,agoodacre6m@nps.gov,Male,Express 2500,2005,JHMZE2H39CS399789,#b42035,84708,Sơn Hà,https://robohash.org/sitcumcorrupti.jpg?size=50x50&set=set1
Mrs,Aprilette,Casaro,acasaro6n@chron.com,Female,400SE,1992,SAJWA0FB8CL649064,#2aad78,82803,Telde,https://robohash.org/autemetdelectus.jpg?size=50x50&set=set1
Mrs,Marta,Edgcumbe,medgcumbe6o@thetimes.co.uk,Female,Accent,2008,WAUHE78P39A462054,#b38a03,35710,Miaotang,https://robohash.org/utinciduntvoluptatem.jpg?size=50x50&set=set1
Mrs,Biron,Derricoat,bderricoat6p@addthis.com,Male,207,2007,WAUHF78P38A044251,#1abc9b,52096,Yangmaogong,https://robohash.org/reiciendissintlaudantium.jpg?size=50x50&set=set1
Honorable,Claudia,Ruggen,cruggen6q@jugem.jp,Female,ES,1994,JH4DB75561S324082,#8ab13a,81282,Sanjie,https://robohash.org/quisequisit.jpg?size=50x50&set=set1
Dr,Wilone,Baulch,wbaulch6r@eepurl.com,Female,FR-S,2013,3VWJX7AJ3AM014051,#8413e5,71318,Lidköping,https://robohash.org/nemotenetureum.jpg?size=50x50&set=set1
Rev,Ruby,Preddle,rpreddle6s@networkadvertising.org,Female,S-Class,2004,1GD312CG4CF442095,#699ac8,52979,Borovichi,https://robohash.org/reprehenderitadveritatis.jpg?size=50x50&set=set1
Mr,Foster,Waber,fwaber6t@nbcnews.com,Male,C70,2010,1NXBU4EE5AZ071578,#55c414,27173,Huili,https://robohash.org/sequiinnon.jpg?size=50x50&set=set1
Dr,Susanetta,Swindlehurst,sswindlehurst6u@gnu.org,Female,MKZ,2011,WBAFR7C54DD565332,#425ec2,56923,Liuzhou,https://robohash.org/nequepraesentiumnulla.jpg?size=50x50&set=set1
Rev,Del,Chapell,dchapell6v@joomla.org,Male,Yukon XL 2500,2009,WAUBNAFB6BN318202,#97e2b2,47611,Neiba,https://robohash.org/maximeerrorcupiditate.jpg?size=50x50&set=set1
Honorable,Karena,MacQueen,kmacqueen6w@geocities.com,Female,C-Class,2010,SALFR2BG2EH008866,#9e0ba5,62258,Dolní Bojanovice,https://robohash.org/enimadautem.jpg?size=50x50&set=set1
Dr,Bruce,Brickdale,bbrickdale6x@usda.gov,Male,Galant,1993,5XYZT3LB8EG661581,#eaf08d,48328,Coromandel,https://robohash.org/quodtemporibuspraesentium.jpg?size=50x50&set=set1
Ms,Case,Harhoff,charhoff6y@hugedomains.com,Male,Intrigue,2001,KNAFU6A27C5238871,#289824,46535,Hupalivka,https://robohash.org/eoseaaliquid.jpg?size=50x50&set=set1
Ms,Tadeo,D'Alessio,tdalessio6z@dedecms.com,Male,Venture,2005,3G5DB03E44S865059,#e9ebae,79126,Dongshan,https://robohash.org/expeditaullamet.jpg?size=50x50&set=set1
Dr,Carmelle,Slarke,cslarke70@myspace.com,Female,XC90,2012,5YMGY0C50DL862807,#b855fb,56908,Anaráchi,https://robohash.org/cumquelaudantiummagnam.jpg?size=50x50&set=set1
Honorable,Hallie,Stygall,hstygall71@bloglines.com,Female,Esperante,2008,WBA3X5C55ED147988,#7727ff,35122,Santa Valha,https://robohash.org/eoseumexercitationem.jpg?size=50x50&set=set1
Mrs,Georgette,Newham,gnewham72@fotki.com,Female,Continental,2006,KNAFK4A61F5666131,#940059,91107,Debrecen,https://robohash.org/autemremdelectus.jpg?size=50x50&set=set1
Dr,Fionna,Glancey,fglancey73@opera.com,Female,G5,2009,1G4GA5GC1BF796231,#de4112,76371,Saint Louis,https://robohash.org/explicaboodioprovident.jpg?size=50x50&set=set1
Mrs,Alverta,Rubury,arubury74@ow.ly,Female,J,1997,WAUVT68E42A018110,#47f1e5,40051,Ponce,https://robohash.org/enimidut.jpg?size=50x50&set=set1
Dr,Hayden,Pifford,hpifford75@baidu.com,Male,Express 3500,1998,5GADV231X7D434031,#5d300c,48248,Donostia-San Sebastian,https://robohash.org/abipsain.jpg?size=50x50&set=set1
Rev,Rudolfo,De Cleyne,rdecleyne76@trellian.com,Male,GLI,2008,1FTEW1CM3EF559939,#9fa1c8,78150,Türkmenabat,https://robohash.org/temporeoptioqui.jpg?size=50x50&set=set1
Mr,Kennan,Imesen,kimesen77@furl.net,Male,Tempo,1989,3D73M4CL9BG291603,#18fbc0,40202,Ljungskile,https://robohash.org/eteaqueoccaecati.jpg?size=50x50&set=set1
Ms,Erin,Chatwood,echatwood78@feedburner.com,Male,Prowler,1997,JTJBM7FX2D5939795,#0434ef,58996,Sarāb,https://robohash.org/nobiseiuslaudantium.jpg?size=50x50&set=set1
Ms,Thom,Limon,tlimon79@umn.edu,Male,RVR,1994,5XXGM4A78EG753397,#b00711,71380,Barra de São Francisco,https://robohash.org/rerumetconsequatur.jpg?size=50x50&set=set1
Mr,Shannah,Doughill,sdoughill7a@springer.com,Female,Electra,1986,3GYFK66N05G383316,#a79a74,49750,Malambo,https://robohash.org/magniquiaaliquam.jpg?size=50x50&set=set1
Rev,Pamella,Ginn,pginn7b@moonfruit.com,Female,Navigator L,2007,1GYUCCEF5AR964611,#1c61f6,85219,Tilik,https://robohash.org/dictadoloremqueharum.jpg?size=50x50&set=set1
Mrs,Simonette,Colthard,scolthard7c@state.tx.us,Female,Prius,2002,1D7RW3BK3AS580796,#5d637b,20265,São Francisco,https://robohash.org/oditculpanihil.jpg?size=50x50&set=set1
Dr,Mildred,Sutworth,msutworth7d@stanford.edu,Female,S10,2003,5N1AA0NC8BN713315,#086b86,92281,Farafenni,https://robohash.org/commodinesciuntquasi.jpg?size=50x50&set=set1
Mr,Francesca,Letessier,fletessier7e@booking.com,Female,Jetta,2008,JN8AF5MR8BT891184,#6329c5,85313,Mosopa,https://robohash.org/iureculpadolores.jpg?size=50x50&set=set1
Dr,Fiona,Goddman,fgoddman7f@newyorker.com,Female,Windstar,1997,1FTSX2B56AE282140,#70c0c1,59248,Yashiro,https://robohash.org/nihilnequerecusandae.jpg?size=50x50&set=set1
Mr,Benn,Balsom,bbalsom7g@phoca.cz,Male,Navigator L,2012,5J8TB18507A207734,#107ab7,21261,Ouranoupolis,https://robohash.org/velinquidem.jpg?size=50x50&set=set1
Rev,Elias,Farman,efarman7h@hostgator.com,Male,C70,2003,WAUVC58E83A934400,#3673cd,46720,Qozonketkan,https://robohash.org/fugitearumamet.jpg?size=50x50&set=set1
Dr,Carline,Castagnaro,ccastagnaro7i@elegantthemes.com,Female,Tacoma,2007,JN1CV6EL9EM710411,#2e7dd5,67589,Banocboc,https://robohash.org/laboriosamreprehenderitaspernatur.jpg?size=50x50&set=set1
Dr,Tobye,Janaszewski,tjanaszewski7j@bing.com,Female,Civic,2005,WA1CMAFE1DD528505,#53bf0b,50184,Toulon,https://robohash.org/solutavelitet.jpg?size=50x50&set=set1
Rev,Caty,Vassie,cvassie7k@histats.com,Female,GS,2005,5N1BA0NE9FN165742,#908a6f,52948,Esperantina,https://robohash.org/atqueperferendisrecusandae.jpg?size=50x50&set=set1
Mr,Lyell,McDermid,lmcdermid7l@fotki.com,Male,Equinox,2007,1NXBU4EEXAZ797100,#cae92c,89338,Santiago de Baney,https://robohash.org/doloresanimiiusto.jpg?size=50x50&set=set1
Mr,Stephanus,Winfrey,swinfrey7m@bigcartel.com,Male,Firefly,1984,WBA3N9C52EF088898,#098173,69941,Sanguinheira,https://robohash.org/quasutautem.jpg?size=50x50&set=set1
Dr,Louis,Vallance,lvallance7n@jimdo.com,Male,Amigo,1999,SCBZU25E61C534330,#626155,65507,Górzno,https://robohash.org/idrepellatvoluptate.jpg?size=50x50&set=set1
Rev,Thibaud,Tomet,ttomet7o@nbcnews.com,Male,Santa Fe,2006,5UMDU93518L996755,#4d9a90,93136,Žulová,https://robohash.org/laboresuscipitrecusandae.jpg?size=50x50&set=set1
Mr,Alla,Burnand,aburnand7p@howstuffworks.com,Female,Rondo,2009,5NPEB4AC0BH633734,#ae7d1a,82375,Mainque,https://robohash.org/beataeplaceatqui.jpg?size=50x50&set=set1
Ms,Ray,Blazi,rblazi7q@ycombinator.com,Male,Safari,1998,WAUMGAFL7EA094235,#59719a,62177,Kuhmalahti,https://robohash.org/doloremqueexpeditasuscipit.jpg?size=50x50&set=set1
Ms,Bondon,Annell,bannell7r@scientificamerican.com,Male,545,2005,1N6AA0CC9BN703459,#78ee6d,25547,Nirgua,https://robohash.org/cupiditatesunttemporibus.jpg?size=50x50&set=set1
Dr,Miguelita,Blundel,mblundel7s@ucoz.ru,Female,Monte Carlo,1973,JN1AZ4EH7DM996351,#05f0d6,51866,Arlington,https://robohash.org/eumtotamdolor.jpg?size=50x50&set=set1
Mr,Maribelle,Barnewell,mbarnewell7t@constantcontact.com,Female,Suburban 1500,2001,SALVN2BG4FH817231,#972650,87248,Omoa,https://robohash.org/etevenietaspernatur.jpg?size=50x50&set=set1
Rev,Vito,Wayper,vwayper7u@intel.com,Male,Golf,1983,WDDDJ7CB1AA364983,#da1703,40120,Acacías,https://robohash.org/voluptatemmagnamlaudantium.jpg?size=50x50&set=set1
Mrs,Hedy,Greenroad,hgreenroad7v@shop-pro.jp,Female,GTI,1995,5FPYK1F5XEB601471,#977205,75777,Sardasht,https://robohash.org/auteligendinihil.jpg?size=50x50&set=set1
Ms,Reece,McShee,rmcshee7w@cocolog-nifty.com,Male,H2,2006,5N1AN0NW5DN068995,#2e1e97,62545,Pitomača,https://robohash.org/dolorumoditnon.jpg?size=50x50&set=set1
Ms,Karee,Hurrell,khurrell7x@dyndns.org,Female,Terraza,2006,WAUAF48H38K774762,#86087d,96362,Haoyi,https://robohash.org/eareiciendiscorporis.jpg?size=50x50&set=set1
Mr,Silvan,Whitefoot,swhitefoot7y@gov.uk,Male,Econoline E250,1998,WAUDK78T58A852303,#ee744e,16416,Ibagué,https://robohash.org/nonrecusandaenobis.jpg?size=50x50&set=set1
Dr,Bryanty,De La Haye,bdelahaye7z@howstuffworks.com,Male,Tribeca,2008,2C3CCARGXDH061582,#1e4bc6,50514,Pyetrykaw,https://robohash.org/expeditaautperferendis.jpg?size=50x50&set=set1
Mr,Merrielle,Madner,mmadner80@netlog.com,Female,Wrangler,2008,2T1KE4EE6DC470535,#2dfb71,79196,Al Maḩallah al Kubrá,https://robohash.org/inciduntharumdelectus.jpg?size=50x50&set=set1
Mrs,Casey,Sibary,csibary81@virginia.edu,Female,GS,1995,3VW117AU6FM720661,#0943e8,18417,Kawage,https://robohash.org/quisedipsum.jpg?size=50x50&set=set1
Dr,Innis,Lakenton,ilakenton82@instagram.com,Male,Aveo,2010,WBA3A5C59CF226292,#58dc7e,42423,Yamparáez,https://robohash.org/eiusveniamquia.jpg?size=50x50&set=set1
Mr,Vernor,Wodeland,vwodeland83@fc2.com,Male,57,2006,1G6KD57948U473535,#083483,70219,Linköping,https://robohash.org/dolorecommodinatus.jpg?size=50x50&set=set1
Mrs,Kelvin,Kelinge,kkelinge84@bloomberg.com,Male,Suburban 1500,2004,SAJWJ0FF9F8042441,#b3c66e,50558,Ivanovskoye,https://robohash.org/adipiscirepellenduseveniet.jpg?size=50x50&set=set1
Ms,Corry,Shoveller,cshoveller85@umich.edu,Female,Celica,2004,WBAYM1C51ED174788,#820698,18340,Thị Trấn Mỹ Lộc,https://robohash.org/estquoiusto.jpg?size=50x50&set=set1
Mr,Corbet,Jostan,cjostan86@jigsy.com,Male,MDX,2011,WBANE73517C893857,#ab6e0a,56623,Itaboraí,https://robohash.org/officiisquiaest.jpg?size=50x50&set=set1
Dr,Fabien,Janney,fjanney87@ucsd.edu,Male,PT Cruiser,2002,NM0KS9BN2AT976276,#11186b,46787,Podstepki,https://robohash.org/doloresveniamvoluptate.jpg?size=50x50&set=set1
Dr,Julius,Hillett,jhillett88@shinystat.com,Male,Suburban 2500,2002,3VWML7AJ4EM497368,#2a486a,84067,Yauca,https://robohash.org/rerumidab.jpg?size=50x50&set=set1
Mrs,Caleb,Woolmington,cwoolmington89@berkeley.edu,Male,300SD,1992,1G6DH8EY0B0344943,#d22fce,71292,Miasteczko Śląskie,https://robohash.org/explicabofacilisexercitationem.jpg?size=50x50&set=set1
Mr,Traver,Wysome,twysome8a@redcross.org,Male,E-Class,1990,1FMHK7B84CG133261,#59cf76,39679,Qārah,https://robohash.org/odiofaceredolorem.jpg?size=50x50&set=set1
Honorable,Christiane,Ferran,cferran8b@elegantthemes.com,Female,645,2004,1G6KD54Y15U762105,#cb7b39,36459,Terre Haute,https://robohash.org/autsedsint.jpg?size=50x50&set=set1
